Dir_Name_Display,Dir_School_Code,Dir_Zip,Dir_School_Code - Longitude,Dir_School_Code - Latitude,Dir_Ward,GR_Text,Facil_Art,Facil_Audit,Facil_Comp,Facil_Gym,Facil_Media,Facil_Music,Facil_Outdoor_Rec,Facil_Pool,Facil_Science,After_care,Before_care,Uniform,Title_1,Trans_Bus,Trans_Metro,Enroll_Total,Demo_Asian,Demo_Black,Demo_Hispanic,Demo_N.Amer,Demo_White,Demo_Multi,Demo_NHawPI,Demo_ELL,Demo_SPED,Demo_EconDis,Demo_Inboundary,math_pct_1_current,math_pct_1_prior,math_pct_2_current,math_pct_2_prior,math_pct_3_current,math_pct_3_prior,math_pct_4_current,math_pct_4_prior,math_pct_5_current,math_pct_5_prior,math_district_pct_1,math_district_pct_2,math_district_pct_3,math_district_pct_4,math_district_pct_5,ela_pct_1_current,ela_pct_1_prior,ela_pct_2_current,ela_pct_2_prior,ela_pct_3_current,ela_pct_3_prior,ela_pct_4_current,ela_pct_4_prior,ela_pct_5_current,ela_pct_5_prior,ela_district_pct_1,ela_district_pct_2,ela_district_pct_3,ela_district_pct_4,ela_district_pct_5,Perf_Grad_4yr_Current_Year,Perf_Grad_4yr_Prior_Year,Perf_Grad_4yr_District_Average,Perf_Grad_5yr_Current_Year,Perf_Grad_5yr_Prior_Year,Perf_Grad_5yr_District_Average,Perf_AP_Current_Year,Perf_AP_Prior_Year,Perf_AP_District_Average,Safe_Truancy_Current_Year,Safe_Truancy_Prior_Year,Safe_Truancy_District_Average,Safe_Suspension_Current_Year,Safe_Suspension_Prior_Year,Safe_Suspension_District_Average,Safe_Incidents_Current_Year,Safe_Incidents_Prior_Year,Safe_Incidents_District_Average,Safe_Safety_Current_Year,Safe_Safety_Prior_Year,Safe_Safety_District_Average,Perf_Engage_Current_Year,Perf_Engage_Prior_Year,Perf_Engage_District_Average,Perf_Teachers_Current_Year,Perf_Teachers_Prior_Year,Perf_Teachers_District_Average
Aiton Elementary School,202,20019,-76.93370092,38.89700181,7,PK3-5th,yes,no,yes,no,yes,yes,yes,no,no,yes,no,yes,yes,U5 U6 V2 V4 W4 X9,,251,0%,100%,0%,0%,0%,0%,0%,0%,16%,100%,42%,25%,33%,36%,32%,21%,22%,19%,14%,0%,0%,23%,27%,23%,23%,5%,41%,51%,26%,23%,21%,21%,12%,4%,0%,1%,26%,21%,21%,25%,7%,NA,NA,NA,NA,NA,NA,NA,NA,NA,21%,5%,13%,5%,7%,4%,0%,0%,0%,94%,95%,85%,100%,99%,89%,NA,85%,92%
Amidon-Bowen Elementary School,203,20024,-77.0181253,38.8795154,6,PK3-5th,yes,yes,yes,yes,yes,yes,yes,no,yes,yes,no,yes,yes,74 A9 P6 V1 W9,Green Line: Waterfront-SEU Station,350,2%,88%,4%,0%,5%,1%,0%,1%,23%,100%,41%,53%,44%,25%,28%,16%,16%,5%,11%,1%,1%,23%,27%,23%,23%,5%,47%,50%,26%,26%,17%,16%,10%,9%,1%,0%,26%,21%,21%,25%,7%,NA,NA,NA,NA,NA,NA,NA,NA,NA,7%,7%,13%,8%,15%,4%,0%,0%,0%,80%,74%,85%,88%,80%,89%,92%,92%,92%
Bancroft Elementary School @ Sharpe,204,20011,-77.03121,38.94344,1,PK3-5th,yes,yes,yes,yes,yes,yes,yes,no,no,yes,no,no,yes,52 53 54 60 62 63 70 79 D33 S1 S2 S4 S9 W45,Green/Yellow Lines: Columbia Heights Metro Station,530,6%,8%,68%,0%,17%,1%,0%,48%,11%,100%,58%,20%,16%,26%,24%,25%,29%,23%,25%,5%,5%,23%,27%,23%,23%,5%,27%,26%,19%,28%,27%,26%,22%,19%,5%,1%,26%,21%,21%,25%,7%,NA,NA,NA,NA,NA,NA,NA,NA,NA,2%,1%,13%,2%,1%,4%,0%,0%,0%,89%,90%,85%,96%,94%,89%,96%,96%,92%
Barnard Elementary School,205,20011,-77.01777708,38.94823095,4,PK3-5th,yes,yes,yes,yes,yes,yes,yes,no,yes,yes,no,yes,yes,60 62 63 64 70 79,,649,0%,47%,48%,0%,3%,1%,0%,34%,12%,100%,68%,8%,13%,21%,26%,37%,27%,32%,31%,2%,3%,23%,27%,23%,23%,5%,14%,15%,19%,21%,25%,31%,37%,27%,4%,5%,26%,21%,21%,25%,7%,NA,NA,NA,NA,NA,NA,NA,NA,NA,4%,1%,13%,4%,3%,4%,0%,0%,0%,93%,90%,85%,95%,97%,89%,96%,93%,92%
Beers Elementary School,206,20020,-76.95560475,38.86434984,7,PK3-5th,yes,yes,no,yes,yes,yes,yes,no,yes,yes,no,yes,yes,30N 30S 32 36 39 D51 M6 S35 V5 W3 W4,,464,0%,98%,0%,0%,1%,0%,0%,0%,23%,100%,44%,26%,25%,27%,29%,26%,25%,20%,20%,1%,1%,23%,27%,23%,23%,5%,23%,31%,28%,26%,23%,26%,24%,17%,2%,1%,26%,21%,21%,25%,7%,NA,NA,NA,NA,NA,NA,NA,NA,NA,0%,1%,13%,0%,0%,4%,0%,0%,0%,92%,92%,85%,99%,97%,89%,100%,97%,92%
Brent Elementary School,212,20003,-77.00145985,38.88480121,6,PK3-5th,yes,no,no,no,yes,yes,yes,no,yes,yes,yes,yes,no,30N 30S 32 34 36 39 90 92 97 DCCirculator,Blue/Orange/Silver Lines: Capitol South Station,404,3%,17%,7%,0%,66%,6%,0%,3%,8%,10%,65%,5%,8%,14%,7%,20%,24%,39%,46%,22%,15%,23%,27%,23%,23%,5%,4%,7%,11%,14%,21%,18%,51%,49%,14%,12%,26%,21%,21%,25%,7%,NA,NA,NA,NA,NA,NA,NA,NA,NA,1%,0%,13%,1%,2%,4%,0%,0%,0%,93%,90%,85%,93%,93%,89%,92%,78%,92%
Brightwood Education Campus,213,20011,-77.03068885,38.96053573,4,PK3-8th,yes,yes,no,yes,yes,yes,yes,no,yes,yes,no,yes,yes,52 53 54 70 79 E2 E4 D31 D33 D34 S1 S2 S4 S9 W45,,755,1%,22%,75%,0%,1%,0%,0%,60%,10%,100%,74%,22%,24%,28%,32%,23%,24%,26%,17%,1%,3%,23%,27%,23%,23%,5%,35%,43%,23%,26%,24%,19%,17%,12%,1%,1%,26%,21%,21%,25%,7%,NA,NA,NA,NA,NA,NA,NA,NA,NA,15%,3%,15%,7%,4%,4%,0%,0%,0%,81%,79%,86%,86%,85%,85%,90%,96%,92%
Burroughs Elementary School,220,20018,-76.97845637,38.93350266,5,PK3-5th,yes,yes,yes,yes,no,yes,yes,no,yes,yes,yes,yes,yes,83 86 E2 G8 H6 T14 T18,,290,1%,88%,9%,0%,2%,0%,0%,5%,17%,100%,44%,13%,12%,36%,22%,28%,35%,23%,31%,0%,1%,23%,27%,23%,23%,5%,31%,21%,27%,24%,27%,31%,14%,24%,1%,0%,26%,21%,21%,25%,7%,NA,NA,NA,NA,NA,NA,NA,NA,NA,16%,0%,13%,1%,2%,4%,0%,0%,0%,80%,86%,85%,87%,90%,89%,100%,91%,92%
Burrville Elementary School,221,20019,-76.92445918,38.90056577,7,PK3-5th,yes,yes,yes,yes,yes,yes,yes,no,no,yes,yes,yes,yes,U4 V2 V4 W4 X9,,325,0%,98%,1%,1%,0%,1%,0%,1%,7%,100%,56%,24%,31%,33%,34%,28%,23%,13%,11%,2%,0%,23%,27%,23%,23%,5%,27%,40%,31%,26%,29%,24%,14%,10%,0%,0%,26%,21%,21%,25%,7%,NA,NA,NA,NA,NA,NA,NA,NA,NA,38%,22%,13%,2%,1%,4%,0%,0%,0%,99%,99%,85%,100%,100%,89%,91%,100%,92%
Cleveland Elementary School,224,20001,-77.02270718,38.91514529,1,PK3-5th,no,no,yes,yes,yes,yes,yes,no,yes,yes,no,yes,yes,63 64 70 79 90 92 96 G2 G8 G9 X3,Green/Yellow Lines: Shaw Station,321,1%,60%,31%,0%,6%,2%,0%,15%,14%,100%,31%,16%,11%,27%,25%,28%,30%,24%,30%,4%,3%,23%,27%,23%,23%,5%,22%,14%,28%,20%,24%,37%,24%,29%,2%,0%,26%,21%,21%,25%,7%,NA,NA,NA,NA,NA,NA,NA,NA,NA,11%,6%,13%,9%,2%,4%,0%,0%,0%,74%,88%,85%,80%,96%,89%,95%,96%,92%
H.D. Cooke Elementary School,227,20009,-77.03881058,38.92394309,1,PK3-5th,yes,no,yes,yes,yes,yes,yes,no,no,yes,no,yes,yes,42 43 90 96 H1 H2 H3 H4 L2 S1 S2 S4 S9 X3 DCCirculator,,420,5%,31%,59%,0%,4%,1%,0%,35%,11%,100%,50%,15%,17%,18%,22%,25%,27%,38%,30%,3%,4%,23%,27%,23%,23%,5%,28%,30%,26%,30%,27%,24%,16%,13%,3%,3%,26%,21%,21%,25%,7%,NA,NA,NA,NA,NA,NA,NA,NA,NA,24%,10%,13%,1%,4%,4%,0%,0%,0%,95%,96%,85%,95%,99%,89%,97%,94%,92%
Bunker Hill Elementary School,219,20017,-76.98499564,38.94201247,5,PK3-5th,yes,yes,yes,no,yes,yes,yes,no,no,yes,no,yes,yes,80 E2 G8 H6 R4,,195,1%,79%,18%,0%,1%,1%,1%,12%,8%,100%,68%,26%,33%,25%,22%,25%,24%,20%,21%,5%,0%,23%,27%,23%,23%,5%,23%,19%,34%,22%,25%,41%,18%,17%,0%,0%,26%,21%,21%,25%,7%,NA,NA,NA,NA,NA,NA,NA,NA,NA,11%,7%,13%,3%,13%,4%,0%,0%,0%,96%,67%,85%,99%,67%,89%,100%,100%,92%
C.W. Harris Elementary School,247,20019,-76.9261155,38.88359883,7,PK3-5th,no,yes,yes,yes,yes,yes,yes,no,yes,yes,yes,yes,yes,96 97 E32 U5 U6 U8 W4,,285,0%,99%,1%,0%,0%,0%,0%,0%,22%,100%,66%,46%,51%,30%,23%,17%,17%,7%,9%,0%,0%,23%,27%,23%,23%,5%,50%,46%,28%,30%,17%,19%,6%,5%,0%,0%,26%,21%,21%,25%,7%,NA,NA,NA,NA,NA,NA,NA,NA,NA,12%,8%,13%,13%,13%,4%,0%,0%,0%,77%,71%,85%,85%,90%,89%,100%,76%,92%
Drew Elementary School,231,20019,-76.91992701,38.89599397,7,PK3-5th,yes,yes,yes,yes,yes,yes,yes,no,yes,yes,no,yes,yes,96 97 V2 V4 W4 X9,,253,0%,98%,2%,0%,0%,0%,0%,1%,17%,100%,54%,40%,35%,34%,22%,17%,24%,9%,18%,0%,1%,23%,27%,23%,23%,5%,35%,33%,30%,23%,19%,21%,15%,23%,1%,1%,26%,21%,21%,25%,7%,NA,NA,NA,NA,NA,NA,NA,NA,NA,3%,3%,13%,1%,0%,4%,0%,0%,0%,79%,77%,85%,76%,85%,89%,100%,93%,92%
Eaton Elementary School,232,20008,-77.06582114,38.93272707,3,PK4-5th,yes,no,yes,yes,yes,yes,yes,no,no,yes,yes,no,no,30N 30S 31 33  37 96 D32 H3 H4 L1 L2 W47,,477,5%,23%,15%,0%,48%,9%,0%,8%,8%,12%,54%,1%,1%,7%,6%,21%,22%,48%,50%,22%,21%,23%,27%,23%,23%,5%,3%,2%,11%,7%,15%,19%,49%,49%,22%,22%,26%,21%,21%,25%,7%,NA,NA,NA,NA,NA,NA,NA,NA,NA,0%,0%,13%,0%,0%,4%,0%,0%,0%,95%,97%,85%,99%,96%,89%,94%,85%,92%
Garfield Elementary School,238,20020,-76.97080478,38.85173338,8,PK3-5th,yes,yes,yes,yes,yes,yes,yes,no,no,yes,yes,yes,yes,30N 30S 32 34 36 92 A32 D51 W2 W3 W4 W6 W8,,301,0%,98%,2%,0%,0%,0%,0%,0%,13%,100%,70%,27%,41%,30%,27%,23%,21%,19%,9%,1%,2%,23%,27%,23%,23%,5%,32%,39%,21%,26%,23%,20%,21%,15%,3%,1%,26%,21%,21%,25%,7%,NA,NA,NA,NA,NA,NA,NA,NA,NA,8%,5%,13%,1%,2%,4%,0%,0%,0%,90%,92%,85%,100%,100%,89%,91%,100%,92%
Garrison Elementary School,239,20009,-77.02861256,38.91390129,2,PK3-5th,yes,yes,no,yes,yes,yes,yes,no,no,yes,yes,yes,yes,52 53 54 63 64 70 79 90 92 96 G2 G8 S1 S2 S4 X3 DCCirculator,Green/Yellow Lines: U Street/African-American Civil War Memorial/Cardozo Station,253,2%,52%,31%,0%,13%,2%,0%,13%,25%,100%,37%,35%,29%,32%,26%,17%,26%,15%,19%,0%,0%,23%,27%,23%,23%,5%,38%,47%,24%,29%,26%,10%,11%,14%,2%,0%,26%,21%,21%,25%,7%,NA,NA,NA,NA,NA,NA,NA,NA,NA,10%,21%,13%,0%,2%,4%,0%,0%,0%,90%,87%,85%,96%,100%,89%,91%,88%,92%
Hardy Middle School,246,20007,-77.0686139,38.91550903,2,6th-8th,yes,yes,yes,yes,yes,yes,yes,no,yes,yes,no,yes,no,30N 30S 31 33 37 D1 D2 D6 G2 DCCirculator,,374,10%,53%,17%,0%,17%,3%,1%,7%,15%,45%,23%,16%,13%,24%,27%,29%,29%,28%,28%,3%,3%,23%,27%,23%,23%,5%,9%,14%,20%,20%,26%,26%,34%,32%,11%,8%,26%,21%,21%,25%,7%,NA,NA,NA,NA,NA,NA,NA,NA,NA,0%,1%,19%,9%,16%,17%,0%,0%,1%,88%,83%,82%,81%,77%,75%,96%,97%,92%
Hearst Elementary School,258,20008,-77.07195522,38.94072265,3,PK4-5th,yes,yes,no,yes,yes,yes,yes,no,yes,yes,yes,no,no,30N 30S 31 33 37 96 D32 H2 H3 H4 W47,,312,7%,34%,9%,1%,42%,7%,0%,15%,12%,15%,48%,1%,6%,14%,12%,24%,26%,43%,39%,18%,18%,23%,27%,23%,23%,5%,5%,8%,9%,16%,20%,21%,50%,37%,17%,18%,26%,21%,21%,25%,7%,NA,NA,NA,NA,NA,NA,NA,NA,NA,0%,2%,13%,1%,3%,4%,0%,0%,0%,94%,91%,85%,94%,92%,89%,87%,88%,92%
Hendley Elementary School,249,20032,-76.99918485,38.82898591,8,PK3-5th,yes,yes,yes,yes,yes,yes,yes,no,no,yes,no,yes,yes,A2 A6 A7 A8 A9 D12 D13 D14 NH1 P12 P18 P19 W1 W14,,445,0%,100%,0%,0%,0%,0%,0%,0%,11%,100%,86%,43%,71%,36%,18%,18%,8%,3%,2%,0%,0%,23%,27%,23%,23%,5%,47%,62%,32%,24%,17%,12%,4%,2%,0%,0%,26%,21%,21%,25%,7%,NA,NA,NA,NA,NA,NA,NA,NA,NA,31%,10%,13%,8%,12%,4%,0%,0%,0%,93%,43%,85%,95%,50%,89%,87%,100%,92%
Houston Elementary School,251,20019,-76.92994765,38.90541532,7,PK3-5th,yes,yes,yes,no,yes,yes,yes,no,no,yes,no,yes,yes,R12 U4 U7 V14 W4,Orange Line: Deanwood Station,299,0%,97%,3%,0%,0%,0%,0%,2%,21%,100%,61%,19%,34%,45%,28%,23%,27%,12%,12%,1%,0%,23%,27%,23%,23%,5%,35%,47%,29%,31%,26%,16%,8%,6%,2%,0%,26%,21%,21%,25%,7%,NA,NA,NA,NA,NA,NA,NA,NA,NA,30%,20%,13%,5%,5%,4%,0%,0%,0%,81%,60%,85%,77%,85%,89%,100%,87%,92%
Hyde-Addison Elementary School @ Meyer,252,20001,-77.026593,38.922826,2,PK3-5th,yes,yes,yes,yes,yes,yes,yes,no,yes,yes,yes,no,no,52 53 54 63 64 70 79 90 92 96 H1 H2 H3 H4 H8 S1 S2 S4 S9 X3,,329,7%,31%,14%,1%,45%,3%,0%,9%,5%,15%,43%,4%,4%,18%,13%,18%,10%,44%,47%,18%,26%,23%,27%,23%,23%,5%,8%,7%,14%,9%,19%,23%,42%,42%,18%,19%,26%,21%,21%,25%,7%,NA,NA,NA,NA,NA,NA,NA,NA,NA,7%,4%,13%,1%,1%,4%,0%,0%,0%,91%,90%,85%,90%,89%,89%,96%,100%,92%
Janney Elementary School,254,20016,-77.08099483,38.94755042,3,PK4-5th,yes,yes,yes,yes,yes,yes,yes,no,yes,yes,yes,no,no,30N 30S 31 37 96 D32 H2 H3 H4 M4 N2 W45 W47,Red Line: Tenleytown Station,722,4%,5%,7%,0%,75%,8%,0%,2%,8%,1%,93%,0%,0%,5%,7%,14%,16%,55%,57%,25%,20%,23%,27%,23%,23%,5%,0%,3%,5%,6%,10%,22%,59%,50%,26%,20%,26%,21%,21%,25%,7%,NA,NA,NA,NA,NA,NA,NA,NA,NA,0%,0%,13%,0%,0%,4%,0%,0%,0%,96%,97%,85%,97%,98%,89%,84%,92%,92%
Ketcham Elementary School,257,20020,-76.98362116,38.86604269,8,PK3-5th,yes,yes,yes,no,yes,yes,yes,no,no,yes,no,yes,yes,90 92 A31 A32 A33 A9 B2 P6 V2 V5 W6 W8 DCCirculator,,309,0%,96%,2%,0%,0%,2%,0%,1%,12%,100%,60%,17%,14%,21%,29%,29%,23%,31%,31%,2%,3%,23%,27%,23%,23%,5%,35%,29%,21%,31%,31%,28%,12%,13%,1%,0%,26%,21%,21%,25%,7%,NA,NA,NA,NA,NA,NA,NA,NA,NA,20%,39%,13%,12%,9%,4%,0%,0%,0%,89%,81%,85%,96%,94%,89%,93%,92%,92%
Key Elementary School,272,20016,-77.10052732,38.92680184,3,PK4-5th,no,no,yes,yes,yes,no,yes,no,yes,yes,yes,no,no,D5 D6 M4,,397,4%,11%,11%,1%,67%,7%,0%,5%,6%,5%,84%,1%,3%,9%,9%,20%,16%,49%,53%,20%,19%,23%,27%,23%,23%,5%,3%,6%,3%,4%,16%,18%,61%,62%,16%,9%,26%,21%,21%,25%,7%,NA,NA,NA,NA,NA,NA,NA,NA,NA,4%,0%,13%,1%,0%,4%,0%,0%,0%,96%,96%,85%,96%,96%,89%,96%,78%,92%
Kimball Elementary School @ Davis,259,20019,-76.937616,38.879068,7,PK3-5th,yes,yes,yes,yes,yes,yes,yes,no,yes,yes,yes,yes,yes,E32 S35 U5 U6 U8 V1 W4,,372,0%,97%,2%,0%,0%,1%,0%,0%,14%,100%,74%,14%,26%,38%,31%,33%,30%,15%,12%,0%,1%,23%,27%,23%,23%,5%,42%,37%,24%,34%,27%,25%,7%,5%,0%,0%,26%,21%,21%,25%,7%,NA,NA,NA,NA,NA,NA,NA,NA,NA,17%,1%,13%,10%,12%,4%,0%,0%,0%,81%,77%,85%,91%,87%,89%,100%,88%,92%
Lafayette Elementary School,261,20015,-77.06803712,38.96662755,4,PK4-5th,yes,yes,yes,yes,yes,yes,yes,no,no,yes,yes,no,no,E6 E4 L1 L2 M4,,761,5%,10%,7%,0%,70%,7%,0%,4%,5%,4%,88%,1%,1%,5%,4%,11%,13%,53%,61%,30%,22%,23%,27%,23%,23%,5%,3%,5%,5%,8%,15%,21%,63%,56%,15%,11%,26%,21%,21%,25%,7%,NA,NA,NA,NA,NA,NA,NA,NA,NA,0%,0%,13%,0%,1%,4%,0%,0%,0%,98%,96%,85%,97%,97%,89%,96%,88%,92%
Langdon Elementary School,262,20018,-76.97708185,38.92470416,5,PK3-5th,yes,yes,yes,yes,yes,yes,yes,no,yes,yes,yes,yes,yes,83 86 B8 B9 E2 G9 H6 T14 T18,,323,0%,85%,13%,0%,1%,1%,0%,9%,7%,100%,53%,30%,25%,31%,31%,25%,29%,13%,14%,0%,1%,23%,27%,23%,23%,5%,33%,31%,30%,33%,23%,25%,14%,11%,0%,0%,26%,21%,21%,25%,7%,NA,NA,NA,NA,NA,NA,NA,NA,NA,9%,3%,13%,4%,3%,4%,0%,0%,0%,87%,93%,85%,99%,98%,89%,100%,94%,92%
Bruce-Monroe Elementary School @ Park View,296,20010,-77.02118567,38.9344141,1,PK3-5th,yes,yes,yes,yes,yes,yes,yes,no,no,yes,yes,yes,yes,60 63 64 70 79 H1 H2 H3 H4 H8,Green/Yellow Lines: Georgia Avenue-Petworth Station,473,0%,16%,75%,1%,6%,1%,0%,50%,11%,100%,46%,17%,23%,21%,23%,26%,29%,31%,23%,5%,2%,23%,27%,23%,23%,5%,25%,30%,20%,29%,32%,26%,21%,14%,2%,0%,26%,21%,21%,25%,7%,NA,NA,NA,NA,NA,NA,NA,NA,NA,11%,11%,13%,0%,2%,4%,0%,0%,0%,85%,85%,85%,88%,88%,89%,91%,95%,92%
LaSalle-Backus Education Campus,264,20011,-76.99988254,38.95997214,4,PK3-8th,yes,yes,no,yes,yes,yes,yes,no,yes,yes,no,yes,yes,E4 F1 F2 K6 K9 R1 R2,,369,0%,52%,46%,1%,1%,1%,0%,36%,18%,100%,56%,33%,25%,31%,34%,22%,27%,15%,12%,0%,1%,23%,27%,23%,23%,5%,35%,37%,26%,28%,26%,25%,12%,11%,1%,0%,26%,21%,21%,25%,7%,NA,NA,NA,NA,NA,NA,NA,NA,NA,11%,4%,15%,7%,4%,4%,0%,0%,0%,81%,79%,86%,72%,76%,85%,100%,93%,92%
Ludlow-Taylor Elementary School,271,20002,-76.99649249,38.89874414,6,PK3-5th,yes,no,yes,no,yes,yes,yes,no,yes,yes,no,yes,yes,90 92 D4 D6 D8 X1 X2 X9,Red Line: Union Station,373,2%,59%,6%,0%,29%,5%,0%,1%,16%,100%,34%,3%,7%,25%,27%,30%,26%,38%,34%,4%,5%,23%,27%,23%,23%,5%,4%,2%,9%,18%,25%,39%,50%,40%,11%,2%,26%,21%,21%,25%,7%,NA,NA,NA,NA,NA,NA,NA,NA,NA,6%,7%,13%,1%,7%,4%,0%,0%,0%,89%,85%,85%,98%,89%,89%,94%,96%,92%
Mann Elementary School,273,20016,-77.08782619,38.93429231,3,PK4-5th,yes,yes,no,no,yes,yes,yes,no,yes,yes,yes,no,no,M4 N2 N4 N6,,379,7%,12%,13%,0%,65%,3%,0%,6%,6%,6%,80%,0%,1%,6%,6%,18%,16%,56%,57%,20%,19%,23%,27%,23%,23%,5%,1%,0%,5%,4%,15%,15%,60%,58%,19%,23%,26%,21%,21%,25%,7%,NA,NA,NA,NA,NA,NA,NA,NA,NA,0%,0%,13%,0%,0%,4%,0%,0%,0%,98%,98%,85%,97%,98%,89%,75%,92%,92%
Marie Reed Elementary School,284,20011,-77.040822,38.919112,1,PK3-5th,yes,yes,no,yes,yes,yes,yes,yes,yes,yes,yes,yes,yes,42 43 L1 H1 90 96 S1 S2 S4 S9 X3 DCCirculator,,398,6%,15%,63%,1%,13%,3%,0%,46%,10%,100%,33%,5%,7%,20%,20%,29%,31%,42%,39%,4%,4%,23%,27%,23%,23%,5%,11%,12%,20%,22%,30%,30%,36%,33%,3%,2%,26%,21%,21%,25%,7%,NA,NA,NA,NA,NA,NA,NA,NA,NA,5%,4%,13%,2%,3%,4%,0%,0%,0%,95%,83%,85%,99%,96%,89%,97%,97%,92%
Maury Elementary School,274,20002,-76.9886575,38.89218519,6,PK3-5th,yes,no,no,yes,yes,yes,yes,no,yes,yes,yes,yes,no,90 92 96 97 B2 D6 X8,,387,3%,28%,5%,0%,57%,6%,0%,0%,6%,14%,79%,6%,13%,13%,25%,23%,19%,36%,32%,22%,12%,23%,27%,23%,23%,5%,6%,13%,18%,22%,16%,20%,46%,39%,15%,6%,26%,21%,21%,25%,7%,NA,NA,NA,NA,NA,NA,NA,NA,NA,1%,0%,13%,0%,1%,4%,0%,0%,0%,89%,94%,85%,92%,97%,89%,89%,88%,92%
Moten Elementary School,285,20020,-76.98294368,38.856656,8,PK3-5th,yes,no,yes,yes,yes,yes,yes,no,yes,yes,no,yes,yes,94 W2 W3 W6 W8,,405,0%,97%,2%,0%,0%,0%,0%,0%,12%,100%,65%,37%,31%,32%,43%,22%,19%,9%,7%,0%,0%,23%,27%,23%,23%,5%,41%,51%,31%,32%,21%,14%,7%,3%,0%,0%,26%,21%,21%,25%,7%,NA,NA,NA,NA,NA,NA,NA,NA,NA,35%,4%,13%,6%,4%,4%,0%,0%,0%,67%,74%,85%,89%,82%,89%,80%,96%,92%
Murch Elementary School @ UDC,287,20008,-77.067415,38.943543,3,PK4-5th,yes,no,no,yes,yes,yes,yes,no,no,no,no,no,no,D32 H2 L1 L2,Red Line: Van Ness-UDC Station,572,10%,12%,10%,0%,59%,5%,2%,8%,8%,10%,75%,6%,3%,6%,10%,16%,17%,54%,47%,18%,24%,23%,27%,23%,23%,5%,4%,6%,10%,10%,13%,18%,54%,53%,19%,13%,26%,21%,21%,25%,7%,NA,NA,NA,NA,NA,NA,NA,NA,NA,2%,1%,13%,0%,0%,4%,0%,0%,0%,93%,96%,85%,96%,96%,89%,91%,82%,92%
Nalle Elementary School,288,20019,-76.93079651,38.88595442,7,PK3-5th,yes,yes,yes,yes,yes,yes,yes,no,no,yes,yes,yes,yes,96 97 E32 U5 U6 U8 W4,,391,0%,92%,7%,0%,0%,0%,0%,1%,11%,100%,57%,28%,21%,26%,32%,25%,28%,19%,19%,2%,1%,23%,27%,23%,23%,5%,35%,35%,28%,32%,22%,24%,13%,10%,1%,0%,26%,21%,21%,25%,7%,NA,NA,NA,NA,NA,NA,NA,NA,NA,0%,1%,13%,5%,9%,4%,0%,0%,0%,70%,78%,85%,87%,92%,89%,100%,100%,92%
Orr Elementary School,291,20020,-76.97448402,38.87179716,8,PK3-5th,yes,yes,yes,yes,yes,yes,yes,no,no,yes,yes,yes,yes,30N 30S 32 34 36 39 A31 D51 B2 M6 V1 V2 V4 DCCirculator,,408,0%,97%,2%,0%,0%,0%,0%,0%,11%,100%,39%,22%,27%,27%,35%,37%,23%,14%,15%,1%,1%,23%,27%,23%,23%,5%,27%,30%,35%,31%,25%,25%,12%,13%,1%,1%,26%,21%,21%,25%,7%,NA,NA,NA,NA,NA,NA,NA,NA,NA,16%,6%,13%,2%,3%,4%,0%,0%,0%,81%,92%,85%,96%,96%,89%,88%,100%,92%
Oyster-Adams Bilingual School,292,20008,-77.05720337,38.92359583,3,PK4-8th,yes,yes,yes,yes,no,yes,yes,no,yes,yes,yes,no,no,42 43 96 H1 L1 L2 X3,Primary Campus: Red Line: Woodley Park-Zoo Metro Station,674,2%,5%,58%,0%,30%,4%,0%,15%,10%,23%,46%,4%,5%,12%,13%,29%,28%,46%,43%,10%,11%,23%,27%,23%,23%,5%,3%,5%,8%,12%,20%,24%,52%,48%,16%,12%,26%,21%,21%,25%,7%,NA,NA,NA,NA,NA,NA,NA,NA,NA,2%,1%,15%,0%,1%,4%,0%,0%,0%,95%,94%,86%,91%,90%,85%,94%,88%,92%
Patterson Elementary School,294,20032,-77.00848471,38.82696636,8,PK3-5th,yes,yes,yes,yes,no,yes,yes,no,no,yes,no,yes,yes,A2 A4 A8 A9 W1 W5 W9,,394,0%,99%,1%,0%,0%,0%,0%,0%,22%,100%,68%,30%,27%,36%,41%,21%,25%,13%,7%,1%,1%,23%,27%,23%,23%,5%,37%,35%,23%,33%,30%,26%,10%,6%,0%,0%,26%,21%,21%,25%,7%,NA,NA,NA,NA,NA,NA,NA,NA,NA,0%,1%,13%,9%,13%,4%,0%,0%,0%,81%,88%,85%,90%,92%,89%,100%,100%,92%
Payne Elementary School,295,20003,-76.984984,38.885171,6,PK3-5th,yes,yes,no,no,yes,no,yes,no,yes,yes,yes,yes,yes,30N 30S 32 34 36 39 96 97 B2 M6 V1 V4 DCCirculator,Blue/Orange/Silver Lines: Stadium-Armory Station,300,0%,76%,4%,0%,16%,4%,0%,3%,15%,100%,42%,19%,16%,23%,34%,33%,28%,24%,20%,2%,2%,23%,27%,23%,23%,5%,17%,22%,28%,36%,39%,34%,15%,8%,1%,0%,26%,21%,21%,25%,7%,NA,NA,NA,NA,NA,NA,NA,NA,NA,33%,18%,13%,4%,2%,4%,0%,0%,0%,72%,88%,85%,88%,96%,89%,87%,96%,92%
Plummer Elementary School,299,20019,-76.93993468,38.8872402,7,PK3-5th,yes,yes,no,yes,yes,yes,yes,no,no,yes,no,yes,yes,E32 96 97 U5 U6 U8 V1 W4,Blue/Orange/Silver Lines: Benning Rd Station,391,0%,91%,9%,0%,0%,0%,0%,6%,16%,100%,56%,36%,53%,32%,27%,16%,13%,16%,7%,0%,0%,23%,27%,23%,23%,5%,47%,52%,23%,30%,20%,13%,9%,5%,1%,0%,26%,21%,21%,25%,7%,NA,NA,NA,NA,NA,NA,NA,NA,NA,8%,5%,13%,4%,4%,4%,0%,0%,0%,71%,99%,85%,76%,100%,89%,92%,96%,92%
Powell Elementary School,300,20011,-77.03122742,38.94153434,4,PK3-5th,yes,yes,yes,yes,yes,yes,yes,no,no,yes,yes,yes,yes,52 53 54 60 62 63 70 S1 S2 S4 S9,,534,1%,12%,78%,1%,7%,2%,0%,54%,12%,100%,50%,13%,20%,25%,26%,25%,26%,34%,28%,3%,1%,23%,27%,23%,23%,5%,28%,37%,35%,28%,22%,26%,15%,9%,0%,1%,26%,21%,21%,25%,7%,NA,NA,NA,NA,NA,NA,NA,NA,NA,3%,7%,13%,2%,1%,4%,0%,0%,0%,87%,88%,85%,90%,95%,89%,86%,89%,92%
Raymond Education Campus,302,20010,-77.02643266,38.93581121,4,PK3-8th,yes,yes,yes,yes,yes,yes,yes,no,no,yes,no,yes,yes,52 53 54 60 62 63 64 70 79 H1 H2 H3 H4 H8,Green/Yellow Lines: Georgia Ave-Petworth Station,613,0%,33%,65%,0%,1%,0%,0%,46%,12%,100%,55%,20%,19%,29%,36%,32%,29%,18%,16%,1%,0%,23%,27%,23%,23%,5%,22%,23%,26%,23%,27%,32%,24%,22%,1%,0%,26%,21%,21%,25%,7%,NA,NA,NA,NA,NA,NA,NA,NA,NA,8%,3%,15%,1%,0%,4%,0%,0%,0%,95%,95%,86%,92%,99%,85%,90%,91%,92%
Ross Elementary School,305,20009,-77.03966214,38.91239115,2,PK3-5th,no,no,no,no,yes,no,yes,no,no,yes,no,yes,no,37 42 43 90 92 96 D1 D2 D4 D6 G2 H1 L1 L2 N2 N4 N6 S1 S2 S4 S9 X3,Red Line: Dupont Circle Station,171,9%,18%,18%,0%,47%,8%,0%,8%,3%,12%,65%,2%,0%,0%,10%,13%,16%,57%,61%,28%,14%,23%,27%,23%,23%,5%,0%,2%,3%,14%,17%,14%,45%,43%,35%,27%,26%,21%,21%,25%,7%,NA,NA,NA,NA,NA,NA,NA,NA,NA,3%,2%,13%,0%,1%,4%,0%,0%,0%,100%,100%,85%,100%,98%,89%,91%,91%,92%
Savoy Elementary School,307,20020,-76.99360426,38.86285199,8,PK3-5th,yes,yes,no,yes,yes,yes,yes,no,no,yes,no,yes,yes,90 92 94 A2 A4 A6 A7 A8 A9 B2 P6 W2 W3 W5 W6 W8 DCCirculator,Green Line: Anacostia Station,315,0%,99%,1%,0%,0%,0%,0%,0%,8%,100%,65%,40%,50%,32%,33%,18%,8%,8%,8%,2%,1%,23%,27%,23%,23%,5%,27%,48%,37%,37%,21%,9%,15%,5%,0%,1%,26%,21%,21%,25%,7%,NA,NA,NA,NA,NA,NA,NA,NA,NA,45%,32%,13%,8%,9%,4%,0%,0%,0%,71%,62%,85%,89%,66%,89%,94%,94%,92%
Seaton Elementary School,309,20001,-77.02488247,38.9106187,6,PK3-5th,yes,no,yes,yes,yes,yes,yes,no,no,yes,no,yes,yes,52 53 54 63 64 70 79 90 92 96 G2 G8 G9 DCCirculator,Green/Yellow Lines: Shaw Station,341,13%,34%,40%,0%,11%,1%,0%,38%,14%,100%,33%,12%,6%,19%,25%,22%,28%,41%,38%,6%,2%,23%,27%,23%,23%,5%,22%,21%,20%,24%,27%,31%,29%,24%,2%,0%,26%,21%,21%,25%,7%,NA,NA,NA,NA,NA,NA,NA,NA,NA,8%,9%,13%,0%,0%,4%,0%,0%,0%,90%,93%,85%,94%,98%,89%,93%,94%,92%
Shepherd Elementary School,313,20012,-77.03399523,38.98460328,4,PK3-5th,yes,no,yes,yes,yes,yes,yes,no,no,yes,yes,yes,no,70 79 S4 S2 S9,,361,1%,73%,7%,0%,13%,6%,0%,5%,7%,29%,39%,8%,7%,11%,19%,28%,26%,40%,41%,13%,7%,23%,27%,23%,23%,5%,10%,10%,12%,15%,24%,29%,49%,41%,5%,5%,26%,21%,21%,25%,7%,NA,NA,NA,NA,NA,NA,NA,NA,NA,4%,0%,13%,0%,0%,4%,0%,0%,0%,88%,88%,85%,85%,88%,89%,91%,100%,92%
Simon Elementary School,315,20032,-77.000195,38.83598054,8,PK3-5th,yes,yes,yes,yes,yes,yes,yes,no,no,no,no,yes,yes,A2 A4 A6 A7 A8 A9 W1 W2 W3,,276,0%,98%,2%,0%,0%,0%,0%,1%,12%,100%,62%,41%,20%,33%,41%,21%,25%,5%,14%,0%,0%,23%,27%,23%,23%,5%,53%,46%,30%,32%,15%,17%,2%,6%,0%,0%,26%,21%,21%,25%,7%,NA,NA,NA,NA,NA,NA,NA,NA,NA,16%,22%,13%,5%,12%,4%,0%,0%,0%,88%,77%,85%,96%,86%,89%,76%,94%,92%
Stoddert Elementary School,321,20007,-77.0790738,38.92304465,3,PK4-5th,no,no,yes,yes,yes,no,yes,no,yes,yes,yes,no,no,30N 30S 31 33 D1 D2,,435,6%,9%,15%,0%,65%,4%,0%,14%,4%,13%,80%,1%,2%,3%,10%,13%,13%,48%,53%,36%,23%,23%,27%,23%,23%,5%,1%,4%,3%,5%,14%,19%,56%,52%,27%,19%,26%,21%,21%,25%,7%,NA,NA,NA,NA,NA,NA,NA,NA,NA,1%,1%,13%,0%,0%,4%,0%,0%,0%,97%,95%,85%,98%,96%,89%,93%,87%,92%
Takoma Education Campus,324,20012,-77.02279493,38.97504287,4,PK3-8th,yes,yes,yes,yes,yes,yes,yes,no,yes,yes,no,yes,yes,52 53 54 62 63 70 79 F1 F2 K2,Red Line: Takoma Station,468,1%,60%,32%,0%,5%,3%,0%,26%,16%,100%,55%,29%,36%,36%,28%,19%,25%,13%,10%,3%,1%,23%,27%,23%,23%,5%,27%,33%,22%,25%,28%,25%,22%,16%,1%,1%,26%,21%,21%,25%,7%,NA,NA,NA,NA,NA,NA,NA,NA,NA,19%,5%,15%,6%,4%,4%,0%,0%,0%,75%,76%,86%,73%,68%,85%,97%,92%,92%
Thomas Elementary School,325,20019,-76.95211091,38.90127897,7,PK3-5th,yes,yes,yes,yes,yes,yes,yes,no,no,yes,yes,yes,yes,U5 U6,,409,0%,96%,2%,0%,0%,0%,0%,1%,18%,100%,74%,39%,37%,26%,35%,25%,16%,11%,12%,0%,1%,23%,27%,23%,23%,5%,38%,28%,28%,35%,22%,26%,11%,10%,1%,1%,26%,21%,21%,25%,7%,NA,NA,NA,NA,NA,NA,NA,NA,NA,45%,16%,13%,5%,14%,4%,0%,0%,0%,69%,64%,85%,65%,65%,89%,100%,91%,92%
Thomson Elementary School,326,20005,-77.02843003,38.90349634,2,PK3-5th,yes,yes,no,yes,yes,yes,yes,no,no,yes,no,yes,yes,3Y 7Y 11Y 30N 30S 31 32 36 33 37 39 42 43 52 53 54 63 64 79 80 D1 D4 D6 G8 G9 S1 S2 S4 S9 X2 X9 DCCirculator,Red Line: Metro Center Station; Green/Yellow Lines: Mt. Vernon Square/7th Street-Convention Center Station,314,15%,27%,52%,1%,4%,1%,0%,43%,9%,100%,55%,9%,6%,20%,29%,24%,21%,43%,33%,3%,10%,23%,27%,23%,23%,5%,21%,19%,18%,23%,23%,28%,36%,26%,2%,3%,26%,21%,21%,25%,7%,NA,NA,NA,NA,NA,NA,NA,NA,NA,1%,0%,13%,0%,0%,4%,0%,0%,0%,87%,73%,85%,94%,91%,89%,93%,89%,92%
Truesdell Education Campus,327,20011,-77.02507158,38.95396869,4,PK3-8th,yes,no,no,yes,yes,yes,yes,no,yes,yes,no,yes,yes,62 63 70 79 E2 E4,,679,1%,30%,66%,0%,1%,1%,0%,44%,13%,100%,62%,30%,26%,28%,31%,22%,26%,19%,16%,1%,0%,23%,27%,23%,23%,5%,20%,29%,20%,28%,26%,25%,29%,17%,4%,1%,26%,21%,21%,25%,7%,NA,NA,NA,NA,NA,NA,NA,NA,NA,10%,4%,15%,1%,1%,4%,0%,0%,0%,76%,89%,86%,82%,95%,85%,90%,88%,92%
Tubman Elementary School,328,20010,-77.0294433,38.92919857,1,PK3-5th,yes,no,no,no,no,yes,yes,no,no,yes,no,yes,yes,52 53 54 63 64 70 79 D32 H1 H2 H3 H4 H8 S1 S2 S4 S9 W47 DCCirculator,Green/Yellow Lines: Columbia Heights Station,542,2%,40%,53%,1%,4%,0%,0%,44%,16%,100%,57%,12%,20%,38%,31%,31%,31%,18%,17%,2%,1%,23%,27%,23%,23%,5%,23%,28%,29%,34%,29%,26%,18%,11%,0%,0%,26%,21%,21%,25%,7%,NA,NA,NA,NA,NA,NA,NA,NA,NA,16%,19%,13%,5%,9%,4%,0%,0%,0%,65%,74%,85%,65%,79%,89%,91%,93%,92%
Turner Elementary School,329,20032,-76.98031323,38.84763644,8,PK3-5th,yes,yes,yes,yes,yes,yes,yes,no,yes,yes,no,yes,yes,92 94 D51 W1 W2 W3 W4 W6 W8,,484,0%,98%,1%,0%,0%,0%,0%,1%,12%,100%,62%,37%,59%,30%,28%,19%,12%,12%,1%,2%,0%,23%,27%,23%,23%,5%,50%,53%,25%,28%,15%,14%,10%,5%,0%,0%,26%,21%,21%,25%,7%,NA,NA,NA,NA,NA,NA,NA,NA,NA,58%,19%,13%,5%,8%,4%,0%,0%,0%,73%,81%,85%,85%,89%,89%,100%,96%,92%
Tyler Elementary School,330,20003,-76.99204166,38.88108436,6,PK3-5th,yes,yes,yes,yes,yes,yes,yes,no,no,yes,yes,yes,yes,30N 30S 32 34 36 39 90 92 B2 M6 V1 V4 DCCirculator,Blue/Orange/Silver Lines: Eastern Market Station,514,1%,72%,11%,0%,14%,2%,0%,2%,15%,100%,26%,17%,22%,29%,28%,29%,32%,23%,17%,2%,2%,23%,27%,23%,23%,5%,22%,27%,29%,24%,24%,25%,22%,21%,3%,2%,26%,21%,21%,25%,7%,NA,NA,NA,NA,NA,NA,NA,NA,NA,3%,0%,13%,2%,2%,4%,0%,0%,0%,90%,76%,85%,90%,85%,89%,91%,94%,92%
Walker-Jones Education Campus,332,20001,-77.01391569,38.90419198,6,PK3-8th,yes,no,yes,yes,yes,yes,yes,no,yes,yes,no,yes,yes,70 74 79 80 96 D4 G2 P6 X2 X9 DCCirculator,Green/Yellow Lines: Mt. Vernon Square/7th Street-Convention Center Station,451,1%,93%,5%,0%,1%,0%,0%,3%,21%,100%,65%,35%,37%,27%,37%,24%,21%,13%,4%,1%,1%,23%,27%,23%,23%,5%,35%,40%,30%,32%,25%,20%,10%,7%,1%,1%,26%,21%,21%,25%,7%,NA,NA,NA,NA,NA,NA,NA,NA,NA,44%,53%,15%,14%,7%,4%,0%,0%,0%,74%,78%,86%,66%,78%,85%,89%,94%,92%
Watkins Elementary School (Capitol Hill Cluster),333,20003,-76.989997,38.883467,6,1st-5th,yes,no,yes,yes,yes,yes,yes,no,yes,yes,yes,no,no,30N 30S 32 34 36 39 96 97 B2 M6 V1 V4 DCCirculator,Blue/Orange/Silver Lines: Potomac Avenue Station,436,0%,68%,6%,0%,21%,5%,0%,2%,6%,32%,30%,10%,10%,15%,25%,28%,26%,41%,34%,7%,5%,23%,27%,23%,23%,5%,13%,15%,19%,23%,26%,32%,38%,28%,4%,3%,26%,21%,21%,25%,7%,NA,NA,NA,NA,NA,NA,NA,NA,NA,3%,1%,13%,3%,5%,4%,0%,0%,0%,83%,80%,85%,84%,88%,89%,100%,85%,92%
Deal Middle School,405,20016,-77.07519907,38.95289674,3,6th-8th,yes,yes,yes,yes,yes,yes,yes,no,yes,no,no,no,no,30N 30S 31 33 37 96 D31 D32 D33 D34 H2 H3 H4 L1 L2 M4 N2,Red Line: Tenleytown station,1477,4%,29%,14%,0%,47%,5%,0%,5%,8%,12%,70%,6%,6%,12%,15%,27%,29%,47%,45%,9%,6%,23%,27%,23%,23%,5%,6%,6%,10%,12%,16%,20%,39%,42%,29%,20%,26%,21%,21%,25%,7%,NA,NA,NA,NA,NA,NA,NA,NA,NA,5%,5%,19%,3%,3%,17%,0%,0%,1%,92%,89%,82%,86%,88%,75%,80%,86%,92%
Eliot-Hine Middle School,407,20002,-76.97897792,38.89243149,6,6th-8th,yes,yes,no,yes,yes,yes,yes,no,yes,yes,no,yes,yes,96 97 B2 D6 E32,Blue/Orange/Silver Lines: Stadium-Armory Station,200,0%,93%,4%,0%,2%,3%,0%,2%,31%,100%,28%,51%,60%,37%,25%,8%,14%,4%,1%,1%,0%,23%,27%,23%,23%,5%,34%,46%,39%,28%,19%,17%,8%,9%,1%,0%,26%,21%,21%,25%,7%,NA,NA,NA,NA,NA,NA,NA,NA,NA,10%,10%,19%,21%,19%,17%,1%,0%,1%,65%,76%,82%,53%,76%,75%,93%,100%,92%
School Without Walls @ Francis-Stevens,409,20037,-77.052321,38.9074695,2,PK3-8th,yes,yes,yes,yes,yes,yes,yes,no,yes,yes,yes,yes,no,30N 30S 31 33 32 36 37 38B 39 D1 D2 D4 D5 D6 G2 H1 L1 N2 N4 N6 X1 DCCirculator,Blue/Orange/Silver Lines: Foggy Bottom/GWU Station,471,7%,50%,15%,1%,22%,6%,0%,9%,14%,35%,31%,15%,18%,17%,30%,32%,26%,31%,24%,5%,1%,23%,27%,23%,23%,5%,14%,18%,17%,26%,26%,30%,36%,24%,7%,3%,26%,21%,21%,25%,7%,NA,NA,NA,NA,NA,NA,NA,NA,NA,13%,20%,15%,3%,3%,4%,0%,1%,0%,91%,88%,86%,88%,78%,85%,94%,100%,92%
Hart Middle School,413,20032,-76.99717875,38.83773787,8,6th-8th,yes,yes,yes,yes,yes,yes,yes,no,yes,yes,no,yes,yes,A2 A6 A7 A8 A9 W1 W2 W3 W4,,349,0%,99%,1%,0%,0%,0%,0%,1%,24%,100%,75%,52%,56%,27%,32%,18%,11%,2%,1%,0%,0%,23%,27%,23%,23%,5%,41%,51%,37%,34%,16%,13%,6%,2%,0%,0%,26%,21%,21%,25%,7%,NA,NA,NA,NA,NA,NA,NA,NA,NA,13%,13%,19%,29%,30%,17%,2%,3%,1%,75%,74%,82%,77%,71%,75%,96%,87%,92%
J.O. Wilson Elementary School,339,20002,-76.99658902,38.902758,6,PK3-5th,yes,yes,yes,no,yes,yes,yes,no,no,yes,yes,yes,yes,90 92 D4 D8 X1 X2 X3 X9,,495,1%,82%,6%,0%,7%,3%,0%,3%,15%,100%,27%,18%,14%,21%,25%,31%,27%,29%,31%,1%,4%,23%,27%,23%,23%,5%,24%,21%,19%,26%,31%,29%,23%,23%,3%,1%,26%,21%,21%,25%,7%,NA,NA,NA,NA,NA,NA,NA,NA,NA,26%,17%,13%,5%,4%,4%,0%,0%,0%,84%,79%,85%,83%,78%,89%,88%,93%,92%
Johnson Middle School,416,20020,-76.98370368,38.85133691,8,6th-8th,yes,yes,yes,yes,yes,yes,yes,no,yes,no,no,yes,yes,92 94 D51 W1 W2 W3 W4 W6 W8,,252,0%,95%,4%,0%,0%,1%,0%,0%,18%,100%,59%,57%,55%,31%,35%,11%,9%,2%,2%,0%,0%,23%,27%,23%,23%,5%,51%,59%,28%,26%,16%,10%,4%,4%,0%,0%,26%,21%,21%,25%,7%,NA,NA,NA,NA,NA,NA,NA,NA,NA,38%,8%,19%,29%,37%,17%,2%,2%,1%,83%,80%,82%,83%,79%,75%,94%,100%,92%
Kelly Miller Middle School,421,20019,-76.93245515,38.89331541,7,6th-8th,yes,yes,yes,yes,yes,yes,yes,no,yes,yes,no,yes,yes,96 97 U5 U6 U8 W4 X9,Blue/Orange/Silver Lines: Benning Rd Station,449,0%,96%,3%,0%,0%,0%,0%,2%,18%,100%,85%,40%,36%,34%,33%,20%,24%,7%,7%,0%,0%,23%,27%,23%,23%,5%,32%,38%,31%,29%,26%,26%,11%,7%,1%,0%,26%,21%,21%,25%,7%,NA,NA,NA,NA,NA,NA,NA,NA,NA,47%,21%,19%,32%,33%,17%,3%,5%,1%,75%,76%,82%,66%,68%,75%,95%,100%,92%
King Elementary School,344,20032,-76.99823899,38.84244319,8,PK3-5th,yes,no,yes,yes,yes,yes,yes,no,no,yes,no,yes,yes,A2 A4 A6 A7 A8 A9 W1 W2 W3 W4,Green line: Congress Heights Station,374,0%,98%,2%,0%,0%,0%,0%,1%,12%,100%,40%,29%,32%,34%,34%,23%,21%,12%,13%,1%,1%,23%,27%,23%,23%,5%,35%,39%,30%,32%,25%,21%,10%,8%,0%,1%,26%,21%,21%,25%,7%,NA,NA,NA,NA,NA,NA,NA,NA,NA,60%,40%,13%,12%,10%,4%,0%,0%,0%,71%,61%,85%,85%,74%,89%,100%,100%,92%
Kramer Middle School,417,20020,-76.9801713,38.8712864,8,6th-8th,yes,yes,yes,yes,yes,yes,yes,no,yes,no,no,yes,yes,30S 32 34 92 A31 B2 M6 V2 V5 W6 DCCirculator,,193,0%,98%,2%,0%,0%,0%,0%,1%,22%,100%,73%,61%,63%,33%,28%,7%,8%,0%,0%,0%,0%,23%,27%,23%,23%,5%,53%,62%,27%,26%,17%,9%,2%,3%,0%,0%,26%,21%,21%,25%,7%,NA,NA,NA,NA,NA,NA,NA,NA,NA,6%,19%,19%,41%,43%,17%,4%,6%,1%,63%,64%,82%,50%,60%,75%,NA,71%,92%
MacFarland Middle School,420,20011,-77.02777641,38.94360856,4,6th-7th,no,yes,no,no,yes,no,yes,no,no,no,no,no,yes,52 53 54 60 62 63 70 79 D33 S1 S2 S4 S9 W45,Green/Yellow Line: Georgia Avenue Petworth,69,0%,13%,87%,0%,0%,0%,0%,23%,10%,99%,35%,21%,NA,41%,NA,30%,NA,8%,NA,0%,NA,23%,27%,23%,23%,5%,19%,NA,25%,NA,37%,NA,19%,NA,0%,NA,26%,21%,21%,25%,7%,NA,NA,NA,NA,NA,NA,NA,NA,NA,15%,NA,19%,3%,NA,17%,0%,NA,1%,85%,NA,82%,90%,NA,75%,NA,NA,92%
Sousa Middle School,427,20019,-76.95315884,38.88389441,7,6th-8th,yes,yes,yes,yes,yes,yes,yes,no,yes,yes,no,yes,yes,A31 E32 S35 U5 U6 V1 V2 V4,,255,0%,98%,2%,0%,0%,0%,0%,0%,24%,100%,68%,45%,46%,39%,38%,13%,13%,2%,3%,0%,0%,23%,27%,23%,23%,5%,42%,38%,34%,31%,13%,24%,9%,8%,1%,0%,26%,21%,21%,25%,7%,NA,NA,NA,NA,NA,NA,NA,NA,NA,40%,29%,19%,22%,19%,17%,2%,2%,1%,74%,69%,82%,63%,67%,75%,92%,94%,92%
Stuart-Hobson Middle School (Capitol Hill Cluster),428,20002,-77.00000438,38.8962977,6,6th-8th,yes,yes,yes,yes,yes,yes,yes,no,yes,yes,no,yes,yes,90 92 96 97 D6 D8 X1 X2 X8 X9 DCCirculator,Red Line: Union Station,431,0%,84%,3%,0%,11%,1%,0%,1%,12%,47%,25%,30%,28%,26%,34%,27%,27%,14%,10%,4%,1%,23%,27%,23%,23%,5%,16%,25%,21%,25%,24%,26%,30%,19%,9%,5%,26%,21%,21%,25%,7%,NA,NA,NA,NA,NA,NA,NA,NA,NA,4%,2%,19%,12%,12%,17%,0%,0%,1%,78%,81%,82%,60%,74%,75%,88%,92%,92%
West Education Campus,336,20011,-77.0324265,38.9508094,4,PK3-8th,yes,yes,yes,yes,yes,no,yes,no,yes,yes,yes,yes,yes,52 53 54 70 79 D33 E4 S1 S2 S4 S9 W45,,315,2%,53%,34%,0%,8%,3%,0%,19%,12%,100%,55%,15%,10%,23%,37%,31%,28%,27%,23%,4%,1%,23%,27%,23%,23%,5%,13%,10%,21%,29%,29%,34%,35%,25%,3%,1%,26%,21%,21%,25%,7%,NA,NA,NA,NA,NA,NA,NA,NA,NA,10%,6%,15%,2%,6%,4%,0%,0%,0%,90%,84%,86%,93%,84%,85%,93%,88%,92%
Wheatley Education Campus,335,20002,-76.98850077,38.90411774,5,PK3-8th,yes,yes,yes,yes,yes,yes,yes,no,yes,yes,no,yes,yes,90 92 B2 D4 D8 X1 X2 X3 X8 X9,,321,0%,90%,7%,0%,0%,2%,0%,5%,15%,100%,66%,36%,39%,41%,41%,18%,14%,6%,6%,0%,0%,23%,27%,23%,23%,5%,34%,45%,30%,37%,27%,14%,9%,4%,0%,0%,26%,21%,21%,25%,7%,NA,NA,NA,NA,NA,NA,NA,NA,NA,28%,30%,15%,5%,4%,4%,0%,0%,0%,81%,75%,86%,79%,75%,85%,90%,100%,92%
Whittier Education Campus,338,20011,-77.0192386,38.96585727,4,PK3-8th,yes,yes,yes,yes,yes,yes,yes,no,yes,yes,no,yes,yes,62 63 70 79,,341,0%,76%,20%,1%,1%,1%,0%,14%,22%,100%,63%,16%,28%,25%,40%,34%,21%,23%,8%,2%,3%,23%,27%,23%,23%,5%,23%,32%,22%,32%,27%,22%,26%,14%,2%,1%,26%,21%,21%,25%,7%,NA,NA,NA,NA,NA,NA,NA,NA,NA,17%,21%,15%,1%,4%,4%,0%,0%,0%,97%,95%,86%,98%,92%,85%,93%,96%,92%
Anacostia High School,450,20020,-76.98307725,38.87008406,8,9th-12th,yes,yes,yes,yes,yes,yes,yes,no,yes,no,no,yes,yes,92 A31 A32 A33 B2 V2 V5 W6 W8 DCCirculator,,449,0%,99%,1%,0%,0%,0%,0%,0%,31%,100%,76%,45%,41%,43%,51%,11%,8%,1%,0%,0%,0%,23%,27%,23%,23%,5%,70%,79%,18%,13%,9%,5%,4%,2%,0%,1%,26%,21%,21%,25%,7%,59%,42%,73%,50%,51%,74%,0%,0%,36%,69%,72%,54%,28%,29%,10%,1%,1%,1%,77%,79%,90%,69%,67%,82%,93%,87%,92%
Benjamin Banneker High School,402,20001,-77.02397697,38.92383276,1,9th-12th,yes,yes,yes,yes,yes,yes,no,no,yes,no,no,no,yes,52 53 54 63 64 70 79 H1 H2 H3 H4 H8,,482,3%,76%,18%,0%,1%,2%,0%,1%,0%,100%,NA,0%,1%,8%,7%,38%,31%,52%,59%,2%,2%,23%,27%,23%,23%,5%,1%,0%,0%,0%,9%,2%,60%,55%,30%,43%,26%,21%,21%,25%,7%,100%,100%,73%,100%,100%,74%,48%,53%,36%,6%,6%,54%,1%,1%,10%,0%,0%,1%,97%,95%,90%,85%,87%,82%,86%,93%,92%
Cardozo Education Campus,454,20009,-77.02847069,38.92217286,1,6th-12th,yes,yes,yes,yes,yes,yes,yes,yes,yes,no,no,yes,yes,52 53 54 63 64 70 79 90 92 96 H1 H2 H3 H4 H8 S1 S2 S4 S9 X3,Green/Yellow Lines: U Street/African-American Civil War Memorial/Cardozo Station,797,1%,42%,56%,0%,1%,0%,0%,48%,22%,100%,39%,48%,55%,40%,39%,8%,4%,4%,2%,0%,0%,23%,27%,23%,23%,5%,64%,70%,14%,14%,13%,9%,8%,6%,1%,1%,26%,21%,21%,25%,7%,60%,59%,73%,68%,59%,74%,16%,2%,36%,62%,64%,57%,12%,18%,7%,0%,2%,1%,82%,77%,83%,86%,84%,84%,90%,92%,92%
Columbia Heights Education Campus,442,20010,-77.03585831,38.92954477,1,6th-12th,yes,yes,yes,yes,yes,yes,yes,no,yes,yes,no,yes,yes,42 43 52 53 54 64 H1 H2 H3 H4 H8 S1 S2 S4 S9 DCCirculator,Green/Yellow Lines: Columbia Heights Station,1336,1%,31%,67%,0%,0%,0%,0%,35%,9%,100%,47%,22%,28%,38%,49%,26%,18%,13%,5%,1%,0%,23%,27%,23%,23%,5%,33%,35%,23%,23%,20%,24%,20%,18%,4%,1%,26%,21%,21%,25%,7%,88%,86%,73%,88%,87%,74%,23%,19%,36%,54%,49%,57%,5%,4%,7%,1%,1%,1%,84%,80%,83%,82%,82%,84%,94%,96%,92%
Coolidge High School,455,20011,-77.01957835,38.96728457,4,9th-12th,yes,yes,yes,yes,yes,yes,yes,no,yes,no,no,yes,yes,52 53 54 62 63 70 79,,346,0%,75%,25%,0%,0%,0%,0%,25%,24%,100%,56%,40%,41%,47%,53%,11%,5%,1%,0%,0%,0%,23%,27%,23%,23%,5%,56%,66%,15%,14%,14%,9%,11%,10%,4%,1%,26%,21%,21%,25%,7%,70%,66%,73%,70%,63%,74%,0%,4%,36%,37%,43%,54%,8%,7%,10%,0%,1%,1%,81%,80%,90%,73%,57%,82%,86%,88%,92%
Eastern High School,457,20003,-76.97968429,38.89040266,6,9th-12th,yes,yes,yes,yes,yes,yes,yes,no,yes,no,no,yes,yes,96 97 B2 D6 E32,Blue/Orange/Silver Lines: Stadium-Armory Station,818,0%,97%,1%,0%,1%,0%,0%,1%,26%,100%,38%,25%,25%,57%,59%,17%,15%,1%,1%,0%,0%,23%,27%,23%,23%,5%,46%,43%,19%,21%,15%,19%,19%,16%,1%,2%,26%,21%,21%,25%,7%,79%,79%,73%,82%,75%,74%,4%,4%,36%,67%,67%,54%,13%,18%,10%,2%,3%,1%,86%,79%,90%,80%,73%,82%,91%,93%,92%
Capitol Hill Montessori School @ Logan,360,20002,-77.00256647,38.89853031,6,PK3-8th,yes,yes,no,no,yes,yes,yes,no,yes,yes,yes,no,no,80 96 97 D4 D6 D8 X1 X2 X8 X9 DCCirculator,Red Line: Union Station,361,0%,60%,3%,0%,30%,6%,0%,1%,6%,26%,NA,10%,7%,16%,24%,31%,34%,39%,29%,4%,5%,23%,27%,23%,23%,5%,9%,16%,14%,24%,30%,24%,38%,27%,9%,9%,26%,21%,21%,25%,7%,NA,NA,NA,NA,NA,NA,NA,NA,NA,8%,2%,13%,1%,2%,4%,0%,0%,0%,96%,99%,85%,94%,95%,89%,89%,88%,92%
Langley Elementary School,370,20002,-77.00588662,38.91516879,5,PK3-5th,yes,yes,yes,yes,yes,yes,yes,no,yes,yes,yes,yes,yes,80 90 92 G8 G9 M31 P6 X3,,284,1%,86%,7%,0%,5%,1%,0%,7%,24%,100%,54%,44%,36%,23%,26%,25%,19%,5%,20%,2%,0%,23%,27%,23%,23%,5%,45%,51%,21%,19%,21%,17%,11%,11%,2%,2%,26%,21%,21%,25%,7%,NA,NA,NA,NA,NA,NA,NA,NA,NA,30%,22%,13%,11%,17%,4%,0%,0%,0%,71%,82%,85%,70%,83%,89%,79%,92%,92%
Jefferson Middle School Academy,433,20024,-77.02291066,38.87987093,6,6th-8th,yes,yes,yes,yes,yes,yes,yes,no,yes,yes,no,yes,yes,52 74 5A P6 V1 V5 W9 A9,Blue/Orange/Silver/Green/Yellow Lines: L'Enfant Plaza Station,305,1%,95%,2%,0%,1%,1%,0%,1%,22%,100%,29%,28%,25%,33%,28%,24%,31%,14%,15%,1%,0%,23%,27%,23%,23%,5%,28%,30%,26%,24%,27%,29%,18%,15%,2%,2%,26%,21%,21%,25%,7%,NA,NA,NA,NA,NA,NA,NA,NA,NA,22%,12%,19%,30%,36%,17%,1%,1%,1%,83%,86%,82%,75%,73%,75%,88%,95%,92%
McKinley Middle School,435,20002,-77.00412244,38.91522012,5,6th-8th,yes,yes,yes,no,yes,no,no,no,yes,no,no,yes,yes,80 90 92 G8 G9 M31 P6 X3,,213,1%,92%,6%,0%,0%,0%,0%,4%,19%,100%,37%,40%,46%,39%,37%,16%,13%,5%,4%,0%,0%,23%,27%,23%,23%,5%,24%,33%,27%,28%,29%,29%,18%,9%,1%,0%,26%,21%,21%,25%,7%,NA,NA,NA,NA,NA,NA,NA,NA,NA,57%,53%,19%,12%,23%,17%,0%,1%,1%,85%,76%,82%,83%,73%,75%,100%,92%,92%
Dorothy I. Height Elementary School,349,20011,-77.030541,38.9447,4,PK3-5th,no,no,no,no,no,no,no,no,no,yes,yes,yes,yes,52 53 54 60 62 63 70 79 D33 S1 S2 S4 S9 W45,,518,1%,62%,35%,0%,2%,0%,0%,39%,10%,100%,NA,18%,21%,22%,30%,29%,30%,24%,17%,6%,2%,23%,27%,23%,23%,5%,25%,27%,22%,24%,23%,26%,26%,19%,4%,3%,26%,21%,21%,25%,7%,NA,NA,NA,NA,NA,NA,NA,NA,NA,10%,10%,13%,1%,0%,4%,0%,0%,0%,85%,83%,85%,83%,89%,89%,97%,96%,92%
Brookland Middle School,347,20017,-76.991059,38.938476,5,6th-8th,yes,yes,yes,yes,yes,yes,yes,no,yes,no,no,yes,yes,80 G8 H1 H2 H3 H4 H6 H8 H9 R4,,254,0%,91%,7%,0%,2%,0%,0%,6%,20%,100%,63%,43%,41%,41%,34%,14%,20%,3%,5%,0%,0%,23%,27%,23%,23%,5%,41%,35%,28%,28%,19%,22%,9%,13%,2%,2%,26%,21%,21%,25%,7%,NA,NA,NA,NA,NA,NA,NA,NA,NA,28%,53%,19%,26%,36%,17%,2%,3%,1%,70%,69%,82%,53%,51%,75%,NA,100%,92%
Ron Brown College Preparatory High School,436,20019,-76.932705,38.906563,7,9th-10th,yes,yes,yes,yes,yes,yes,no,no,yes,no,no,yes,yes,R12 U4 U7 V14 W4,Orange Line: Deanwood Station,105,0%,96%,3%,0%,0%,1%,0%,1%,22%,96%,NA,NA,NA,NA,NA,NA,NA,NA,NA,NA,NA,23%,27%,23%,23%,5%,NA,NA,NA,NA,NA,NA,NA,NA,NA,NA,26%,21%,21%,25%,7%,NA,NA,NA,NA,NA,NA,NA,NA,NA,75%,NA,54%,5%,NA,10%,1%,NA,1%,87%,NA,90%,94%,NA,82%,NA,NA,92%
Ballou High School,452,20032,-77.00097526,38.83938266,8,9th-12th,yes,yes,yes,yes,yes,yes,yes,no,yes,no,no,yes,yes,A2 A4 A6 A7 A8 A9 W1 W4,,930,0%,98%,2%,0%,0%,0%,0%,0%,25%,100%,76%,36%,43%,55%,48%,10%,8%,0%,0%,0%,0%,23%,27%,23%,23%,5%,59%,69%,19%,22%,13%,6%,9%,3%,0%,0%,26%,21%,21%,25%,7%,64%,57%,73%,66%,57%,74%,1%,1%,36%,82%,73%,54%,27%,30%,10%,1%,0%,1%,84%,80%,90%,84%,82%,82%,88%,96%,92%
Dunbar High School,467,20001,-77.012691,38.907627,5,9th-12th,yes,yes,yes,yes,yes,yes,no,no,yes,no,no,yes,yes,80 90 92 96 D4 G2 P6 X3,Green/Yellow Lines: Mt. Vernon Square 7th St-Convention Center Station,584,0%,95%,4%,0%,1%,0%,0%,3%,23%,100%,56%,34%,49%,52%,44%,13%,6%,1%,1%,0%,0%,23%,27%,23%,23%,5%,61%,79%,21%,11%,12%,6%,6%,5%,0%,0%,26%,21%,21%,25%,7%,76%,74%,73%,81%,72%,74%,3%,2%,36%,65%,53%,54%,16%,23%,10%,1%,3%,1%,90%,98%,90%,86%,98%,82%,91%,89%,92%
Duke Ellington School of the Arts,471,20007,-77.070308,38.913446,2,9th-12th,yes,yes,yes,yes,yes,yes,yes,no,yes,no,no,no,no,30N 30S 31 33 37 D1 D2 D6 G2,,537,2%,77%,11%,0%,7%,3%,0%,1%,6%,100%,NA,10%,16%,39%,40%,42%,35%,10%,9%,0%,0%,23%,27%,23%,23%,5%,17%,23%,12%,11%,25%,27%,39%,28%,7%,10%,26%,21%,21%,25%,7%,93%,96%,73%,96%,88%,74%,30%,28%,36%,29%,27%,54%,3%,1%,10%,1%,0%,1%,92%,86%,90%,65%,58%,82%,NA,75%,92%
Leckie Education Campus,266,20032,-77.01289191,38.82819678,8,PK3-8th,yes,no,yes,no,yes,yes,yes,no,yes,yes,yes,no,yes,A2 A4 A8 A9 W1 W5 W9,,553,0%,78%,7%,0%,8%,5%,1%,1%,8%,100%,41%,30%,24%,34%,28%,21%,23%,14%,24%,0%,1%,23%,27%,23%,23%,5%,19%,20%,24%,24%,28%,28%,24%,24%,4%,4%,26%,21%,21%,25%,7%,NA,NA,NA,NA,NA,NA,NA,NA,NA,4%,16%,13%,3%,7%,4%,0%,0%,0%,73%,70%,85%,80%,96%,89%,96%,97%,92%
Luke C. Moore High School,884,20017,-76.99231633,38.93227638,5,9th-12th,yes,yes,yes,yes,yes,yes,no,no,yes,no,no,no,yes,80 G8 H1 H2 H3 H4 H6 H8 H9 R4,Red Line: Brookland-CUA Station,266,0%,94%,5%,0%,0%,0%,0%,2%,12%,100%,NA,55%,35%,42%,61%,3%,4%,0%,0%,0%,0%,23%,27%,23%,23%,5%,79%,87%,9%,12%,12%,2%,0%,0%,0%,0%,26%,21%,21%,25%,7%,35%,38%,73%,49%,51%,74%,NA,NA,NA,78%,72%,54%,4%,7%,10%,0%,1%,1%,96%,95%,90%,99%,98%,82%,100%,86%,92%
McKinley Technology High School,458,20002,-77.00412244,38.91522012,5,9th-12th,yes,yes,yes,yes,yes,yes,yes,no,yes,no,no,yes,yes,80 90 92 G8 G9 M31 P6 X3,,619,1%,87%,9%,0%,1%,1%,0%,2%,3%,100%,NA,2%,9%,28%,40%,51%,41%,19%,10%,0%,0%,23%,27%,23%,23%,5%,9%,14%,14%,16%,36%,34%,34%,33%,7%,3%,26%,21%,21%,25%,7%,96%,99%,73%,99%,97%,74%,21%,18%,36%,31%,17%,54%,9%,15%,10%,0%,0%,1%,92%,88%,90%,69%,69%,82%,91%,98%,92%
Miner Elementary School,280,20002,-76.98290432,38.89737602,6,PK3-5th,yes,yes,yes,yes,yes,yes,yes,no,yes,yes,no,yes,yes,B2 D4 D6 D8 X1 X2 X3 X8 X9,,384,1%,86%,4%,0%,8%,2%,0%,3%,16%,100%,51%,35%,23%,30%,32%,19%,21%,16%,24%,0%,0%,23%,27%,23%,23%,5%,41%,37%,27%,31%,24%,23%,8%,9%,0%,0%,26%,21%,21%,25%,7%,NA,NA,NA,NA,NA,NA,NA,NA,NA,1%,0%,13%,12%,5%,4%,0%,0%,0%,63%,75%,85%,48%,74%,89%,96%,100%,92%
Noyes Elementary School,290,20018,-76.99184288,38.92517798,5,PK3-5th,yes,yes,yes,yes,yes,yes,yes,no,no,yes,no,yes,yes,83 86 B8 B9 D8 G8 G9 H8 H9 M31 P6 S41 T14 T18,,197,0%,90%,9%,1%,0%,0%,0%,5%,21%,100%,68%,23%,37%,29%,25%,24%,25%,24%,14%,0%,0%,23%,27%,23%,23%,5%,41%,33%,27%,40%,20%,19%,12%,6%,0%,1%,26%,21%,21%,25%,7%,NA,NA,NA,NA,NA,NA,NA,NA,NA,6%,6%,13%,9%,2%,4%,0%,0%,0%,86%,84%,85%,86%,92%,89%,100%,86%,92%
"Phelps Architecture, Construction and Engineering High School",478,20002,-76.97189763,38.90199202,5,9th-12th,yes,yes,yes,yes,yes,yes,yes,no,yes,no,no,yes,yes,S41 X1 X2 X3 X9 X8,,328,0%,96%,4%,0%,0%,0%,0%,3%,14%,100%,NA,3%,16%,58%,63%,30%,20%,9%,1%,0%,0%,23%,27%,23%,23%,5%,33%,33%,10%,24%,34%,29%,16%,13%,7%,0%,26%,21%,21%,25%,7%,95%,94%,73%,96%,91%,74%,5%,9%,36%,79%,59%,54%,5%,12%,10%,0%,1%,1%,86%,73%,90%,68%,71%,82%,88%,91%,92%
Randle Highlands Elementary School,316,20020,-76.96435628,38.87009174,7,PK3-5th,yes,yes,yes,yes,yes,yes,yes,no,no,yes,yes,yes,yes,30N 30S 32 34 36 39 B2 D51 M6 S35 V1 V2 V4,,333,0%,98%,1%,0%,0%,0%,0%,0%,13%,100%,48%,18%,23%,33%,35%,30%,25%,17%,13%,2%,3%,23%,27%,23%,23%,5%,30%,30%,32%,31%,25%,32%,13%,6%,0%,1%,26%,21%,21%,25%,7%,NA,NA,NA,NA,NA,NA,NA,NA,NA,10%,3%,13%,6%,6%,4%,0%,0%,0%,77%,76%,85%,88%,81%,89%,100%,87%,92%
Roosevelt High School,459,20011,-77.029197,38.943029,4,9th-12th,yes,yes,yes,yes,yes,yes,yes,yes,yes,no,no,yes,yes,52 53 54 60 62 63 70 S1 S2 S4,,668,0%,54%,45%,0%,1%,0%,0%,36%,21%,100%,63%,30%,36%,53%,55%,13%,8%,4%,1%,0%,0%,23%,27%,23%,23%,5%,68%,63%,15%,15%,8%,15%,9%,6%,0%,1%,26%,21%,21%,25%,7%,60%,59%,73%,63%,68%,74%,5%,6%,36%,67%,64%,54%,12%,15%,10%,0%,1%,1%,84%,76%,90%,86%,65%,82%,96%,95%,92%
School Without Walls High School,466,20037,-77.04818647,38.89812412,2,9th-12th,yes,no,yes,yes,yes,yes,yes,no,yes,no,no,no,no,30N 30S 31 33 32 36 37 38B 39 80 D1 D4 D5 D6 H1 L1 N2 N4 N6 S1 X1 DCCirculator,Blue/Orange/Silver Lines: Foggy Bottom/GWU Station,585,6%,34%,13%,0%,42%,5%,0%,0%,1%,18%,NA,3%,2%,7%,11%,22%,35%,60%,48%,8%,4%,23%,27%,23%,23%,5%,1%,4%,4%,4%,11%,8%,34%,39%,51%,45%,26%,21%,21%,25%,7%,98%,100%,73%,100%,97%,74%,75%,74%,36%,4%,7%,54%,1%,0%,10%,0%,0%,1%,99%,99%,90%,95%,97%,82%,97%,91%,92%
Smothers Elementary School,322,20019,-76.93846864,38.89355404,7,PK3-5th,yes,yes,yes,yes,yes,yes,yes,no,no,yes,no,yes,yes,96 97 U5 U6 U8 W4,Blue/Orange/Silver Lines: Benning Rd. Station,253,0%,90%,8%,0%,0%,0%,0%,6%,13%,100%,55%,37%,45%,33%,34%,27%,13%,3%,8%,0%,0%,23%,27%,23%,23%,5%,49%,52%,31%,29%,15%,13%,5%,6%,0%,0%,26%,21%,21%,25%,7%,NA,NA,NA,NA,NA,NA,NA,NA,NA,15%,3%,13%,13%,19%,4%,0%,0%,0%,71%,65%,85%,70%,54%,89%,91%,77%,92%
Stanton Elementary School,319,20020,-76.96849023,38.85927211,8,PK3-5th,yes,yes,yes,yes,yes,yes,yes,no,no,yes,no,yes,yes,30N 30S 32 34 36 92 A32 D51 V5 W2 W3 W4 W6 W8 DCCirculator,,520,0%,97%,3%,0%,0%,0%,0%,0%,12%,100%,58%,19%,18%,35%,30%,31%,33%,15%,17%,1%,1%,23%,27%,23%,23%,5%,38%,44%,30%,29%,23%,17%,8%,9%,0%,0%,26%,21%,21%,25%,7%,NA,NA,NA,NA,NA,NA,NA,NA,NA,25%,20%,13%,7%,5%,4%,0%,0%,0%,68%,63%,85%,84%,91%,89%,87%,85%,92%
Washington Metropolitan High School,474,20001,-77.01558101,38.92043047,1,8th-12th,yes,yes,yes,no,yes,no,yes,no,yes,no,no,yes,yes,70 79 80 G2 G8 G9,,125,0%,97%,2%,0%,0%,0%,1%,1%,28%,100%,NA,65%,51%,35%,49%,0%,0%,0%,0%,0%,0%,23%,27%,23%,23%,5%,97%,93%,3%,7%,0%,0%,0%,0%,0%,0%,26%,21%,21%,25%,7%,58%,43%,73%,49%,46%,74%,NA,NA,NA,86%,83%,54%,14%,26%,10%,1%,2%,1%,76%,73%,90%,92%,47%,82%,82%,75%,92%
Woodrow Wilson High School,463,20016,-77.0777757,38.95015672,3,9th-12th,yes,yes,yes,yes,yes,yes,yes,yes,yes,no,no,no,no,30N 30S 31 33 96 D31 D32 D33 D34 H2 H3 H4 M4 N2 W45 W47,Red Line: Tenleytown Station,1750,7%,35%,23%,0%,31%,4%,0%,7%,12%,24%,56%,16%,18%,34%,37%,28%,27%,20%,18%,2%,1%,23%,27%,23%,23%,5%,19%,44%,11%,18%,16%,17%,35%,17%,19%,4%,26%,21%,21%,25%,7%,90%,88%,73%,91%,81%,74%,56%,55%,36%,54%,40%,54%,3%,4%,10%,0%,0%,1%,93%,83%,90%,85%,80%,82%,87%,93%,92%
H.D. Woodson High School,464,20019,-76.92232826,38.89678662,7,9th-12th,yes,yes,yes,yes,yes,yes,yes,yes,yes,no,no,yes,yes,96 97 V2 V4 W4 X9,,634,0%,98%,1%,0%,0%,0%,0%,1%,25%,100%,74%,38%,40%,55%,50%,7%,10%,0%,1%,0%,0%,23%,27%,23%,23%,5%,58%,66%,20%,21%,14%,9%,8%,4%,0%,0%,26%,21%,21%,25%,7%,83%,76%,73%,80%,73%,74%,4%,1%,36%,88%,70%,54%,17%,20%,10%,0%,0%,1%,96%,81%,90%,95%,83%,82%,92%,93%,92%
Browne Education Campus,404,20002,-76.97066706,38.90259888,5,PK3-8th,yes,yes,yes,yes,yes,yes,yes,no,yes,yes,yes,yes,yes,S41 X1 X2 X3 X8 X9,,309,0%,94%,5%,0%,1%,0%,0%,8%,15%,100%,59%,28%,31%,40%,41%,19%,21%,13%,6%,0%,0%,23%,27%,23%,23%,5%,27%,45%,33%,32%,27%,17%,12%,7%,1%,0%,26%,21%,21%,25%,7%,NA,NA,NA,NA,NA,NA,NA,NA,NA,15%,5%,15%,1%,6%,4%,0%,0%,0%,96%,84%,86%,96%,84%,85%,88%,93%,92%
Malcolm X Elementary School @ Green,308,20032,-76.98339857,38.8416454,8,PK3-5th,yes,yes,yes,yes,yes,yes,yes,no,no,yes,yes,yes,yes,92 94 D51 W1 W2 W3 W4,,237,0%,100%,0%,0%,0%,0%,0%,0%,19%,100%,44%,30%,45%,39%,33%,21%,21%,10%,1%,0%,0%,23%,27%,23%,23%,5%,31%,50%,35%,27%,28%,18%,6%,5%,0%,0%,26%,21%,21%,25%,7%,NA,NA,NA,NA,NA,NA,NA,NA,NA,24%,7%,13%,3%,6%,4%,0%,0%,0%,86%,75%,85%,93%,89%,89%,NA,82%,92%
CHOICE Academy @ Wash Met,947,20001,-77.01558101,38.92043047,1,6th-12th,no,no,yes,no,yes,no,no,no,no,no,no,yes,no,70 79 80 G2 G8 G9,N/A,5,0%,100%,0%,0%,0%,0%,0%,0%,60%,100%,NA,NA,NA,NA,NA,NA,NA,NA,NA,NA,NA,NA,NA,NA,NA,NA,NA,NA,NA,NA,NA,NA,NA,NA,NA,NA,NA,NA,NA,NA,NA,NA,NA,NA,NA,NA,NA,NA,NA,NA,NA,NA,NA,NA,NA,NA,NA,NA,NA,NA,NA,NA,NA,NA,NA,NA,NA,NA
Peabody Elementary School (Capitol Hill Cluster),301,20002,-76.99985799,38.89289632,6,PK3-K,yes,no,no,no,yes,yes,yes,no,no,yes,yes,no,no,90 92 96 97 D6 X8 DCCirculator,Red Line: Union Station,231,2%,26%,4%,0%,58%,11%,0%,0%,6%,14%,75%,NA,NA,NA,NA,NA,NA,NA,NA,NA,NA,NA,NA,NA,NA,NA,NA,NA,NA,NA,NA,NA,NA,NA,NA,NA,NA,NA,NA,NA,NA,NA,NA,NA,NA,NA,NA,NA,NA,NA,NA,NA,NA,NA,NA,NA,NA,NA,NA,NA,NA,NA,NA,NA,NA,NA,NA,NA
River Terrace Education Campus,304,20019,-76.958964,38.895242,7,3rd-Adult,yes,yes,yes,yes,yes,yes,yes,yes,no,yes,no,no,yes,X1 X2 X3 U4,,131,0%,85%,13%,0%,1%,1%,0%,11%,99%,100%,NA,NA,NA,NA,NA,NA,NA,NA,NA,NA,NA,NA,NA,NA,NA,NA,NA,NA,NA,NA,NA,NA,NA,NA,NA,NA,NA,NA,NA,NA,NA,NA,NA,NA,NA,NA,NA,NA,NA,NA,NA,NA,NA,NA,NA,NA,NA,NA,NA,NA,NA,NA,NA,NA,NA,91%,94%,NA
Youth Services Center,861,20002,-76.98858584,38.91213959,5,7th-12th,no,no,no,yes,no,no,yes,no,no,no,no,no,no,D4 D8 E2,,88,0%,95%,5%,0%,0%,0%,0%,3%,51%,95%,NA,NA,NA,NA,NA,NA,NA,NA,NA,NA,NA,NA,NA,NA,NA,NA,NA,NA,NA,NA,NA,NA,NA,NA,NA,NA,NA,NA,NA,NA,NA,NA,NA,NA,NA,NA,NA,NA,NA,NA,NA,NA,NA,NA,NA,NA,NA,NA,NA,NA,NA,NA,NA,NA,NA,NA,NA,NA
Van Ness Elementary School,331,20003,-76.999244,38.87679645,6,PK3-2,yes,yes,yes,yes,yes,yes,yes,no,no,yes,yes,yes,no,90 92 A9 P6 V1 V4 V5 DCCirculator,Green Line: Navy Yard Station,171,1%,49%,8%,1%,35%,6%,0%,1%,8%,31%,61%,NA,NA,NA,NA,NA,NA,NA,NA,NA,NA,NA,NA,NA,NA,NA,NA,NA,NA,NA,NA,NA,NA,NA,NA,NA,NA,NA,NA,NA,NA,NA,NA,NA,NA,NA,NA,NA,NA,NA,NA,NA,NA,NA,NA,NA,NA,NA,NA,NA,NA,NA,NA,NA,NA,NA,NA,NA
School-Within-School @ Goding,943,20002,-76.99318304,38.89756498,6,PK3-5th,yes,yes,no,yes,yes,yes,yes,no,yes,yes,yes,no,no,90 92 D4 D6 D8 X1 X2 X9,,307,1%,19%,4%,0%,69%,7%,0%,0%,19%,6%,NA,NA,NA,NA,NA,NA,NA,NA,NA,NA,NA,NA,NA,NA,NA,NA,NA,NA,NA,NA,NA,NA,NA,NA,NA,NA,NA,NA,NA,NA,NA,NA,NA,NA,NA,NA,NA,NA,NA,NA,NA,NA,NA,NA,NA,NA,NA,NA,NA,NA,NA,NA,NA,NA,NA,NA,NA,NA
Inspiring Youth Program,950,20003,-76.97637892,38.88343091,7,9th-12th,yes,yes,yes,yes,yes,yes,yes,no,yes,no,no,no,no,96 97 B2 D6,Orange/Blue Lines: Stadium-Armory Station,48,0%,96%,4%,0%,0%,0%,0%,2%,67%,85%,NA,NA,NA,NA,NA,NA,NA,NA,NA,NA,NA,NA,NA,NA,NA,NA,NA,NA,NA,NA,NA,NA,NA,NA,NA,NA,NA,NA,NA,NA,NA,NA,NA,NA,NA,NA,NA,NA,NA,NA,NA,NA,NA,NA,NA,NA,NA,NA,NA,NA,NA,NA,NA,NA,NA,NA,NA,NA
Ballou STAY High School,462,20032,-77.00097526,38.83938266,8,Adult,yes,yes,yes,yes,no,no,no,yes,yes,no,no,no,no,A2 A4 A6 A7 A8 A9 W1 W4,,466,0%,100%,0%,0%,0%,0%,0%,0%,11%,90%,NA,NA,NA,NA,NA,NA,NA,NA,NA,NA,NA,NA,NA,NA,NA,NA,NA,NA,NA,NA,NA,NA,NA,NA,NA,NA,NA,NA,NA,NA,NA,NA,NA,NA,NA,NA,NA,NA,NA,NA,75%,80%,81%,5%,3%,3%,0%,0%,0%,95%,90%,95%,96%,96%,97%,91%,90%,92%
Roosevelt STAY High School,456,20011,-77.029197,38.943029,4,Adult,yes,yes,yes,yes,yes,yes,yes,yes,yes,yes,yes,no,no,52 53 54 60 62 63 70 S1 S2 S4,,613,0%,81%,17%,0%,1%,0%,0%,6%,6%,51%,NA,NA,NA,NA,NA,NA,NA,NA,NA,NA,NA,NA,NA,NA,NA,NA,NA,NA,NA,NA,NA,NA,NA,NA,NA,NA,NA,NA,NA,NA,NA,NA,NA,NA,NA,NA,NA,NA,NA,NA,86%,74%,81%,2%,0%,3%,0%,0%,0%,97%,79%,95%,97%,66%,97%,NA,75%,92%
